State,District,Latitude,Longitude,District code,Population,Male,Female,Literate,Housholds_with_Electric_Lighting,Households_with_Internet,Rural_Households,Urban_Households,Sex Ratio (per 100 male),literacy_rate (%)
Andhra Pradesh,Adilabad,19.284513950073435,78.81321233480176,532,2741239,1369597,1371642,1483347,566108,5512,597466,220248,100.0,54.0
Andhra Pradesh,Anantapur,14.312065561843148,77.4601584478577,553,4081148,2064495,2016653,2310960,897970,8606,902997,341431,98.0,57.0
Andhra Pradesh,Chittoor,13.33109263067696,78.92763898886037,554,4174064,2090204,2083860,2667878,944555,13763,907970,395900,100.0,64.0
Andhra Pradesh,East Godavari,16.782718320784902,82.2432074720511,545,5154296,2569688,2584608,3288577,1297273,22411,1199479,406362,101.0,64.0
Andhra Pradesh,Guntur,15.884925767634847,80.58657614107885,548,4887813,2440521,2447292,2960441,1186028,19383,1069877,513113,100.0,61.0
Andhra Pradesh,Hyderabad,17.38971555555556,78.46668888888888,536,3943323,2018575,1924748,2892155,869721,149034,0,1066289,95.0,73.0
Andhra Pradesh,Karimnagar,18.515483193277312,79.43765428571413,534,3776269,1880800,1895469,2206829,926768,8831,877236,288044,101.0,58.0
Andhra Pradesh,Khammam,17.683921325051784,80.67008643892335,541,2797370,1390988,1406382,1630234,668519,8628,669262,201363,101.0,58.0
Andhra Pradesh,Krishna,16.143872753151673,81.14805061000413,547,4517398,2267375,2250023,3009718,1163932,30438,909292,567042,99.0,67.0
Andhra Pradesh,Kurnool,15.43759715142429,77.90086836581717,552,4053463,2039227,2014236,2127161,816721,10081,783853,306982,99.0,52.0
Andhra Pradesh,Mahbubnagar,16.639546224256293,77.98933089244859,538,4053028,2050386,2002642,1940646,757821,6153,848963,161052,98.0,48.0
Andhra Pradesh,Medak,17.889304978038055,78.13778901903379,535,3033288,1523030,1510258,1637137,604719,8635,593653,195479,99.0,54.0
Andhra Pradesh,Nalgonda,17.113250515463907,79.16984453608244,539,3488809,1759772,1729037,2001019,789225,7715,833504,197433,98.0,57.0
Andhra Pradesh,Nizamabad,18.429485849056604,78.07523490566035,533,2551335,1250641,1300694,1389810,545913,5261,565165,155133,104.0,54.0
Andhra Pradesh,Prakasam,15.489039001601704,80.11665790176184,549,3397448,1714764,1682684,1904435,763746,6151,873486,214089,98.0,56.0
Andhra Pradesh,Srikakulam,18.570900998697432,84.25874814010675,542,2703114,1341738,1361376,1495381,615432,3988,752752,149684,101.0,55.0
Andhra Pradesh,Vizianagaram,18.28329696032972,83.45982854198873,543,2344474,1161477,1182997,1238388,527736,4453,592458,157056,102.0,53.0
Andhra Pradesh,Warangal,18.01752608695651,79.87422028985509,540,3512576,1759281,1753295,2065023,828077,12952,758738,288249,100.0,59.0
Andhra Pradesh,West Godavari,16.63297943925236,81.45912990654196,546,3936966,1964918,1972048,2652389,1017568,12050,1007255,248373,100.0,67.0
Arunachal Pradesh,Changlang,27.36048479338845,96.37552644628106,253,148226,76948,71278,73174,14593,170,33422,6498,93.0,49.0
Arunachal Pradesh,East Kameng,27.371194055944056,93.04741486013997,247,78690,38775,39915,38449,5318,57,14503,5215,103.0,49.0
Arunachal Pradesh,East Siang,28.15382352941176,95.06499226006191,251,99214,50116,49098,62576,14231,450,19497,9524,98.0,63.0
Arunachal Pradesh,Kurung Kumey,28.04853351800553,93.24531994459834,256,92076,45318,46758,36606,3911,95,18603,1092,103.0,40.0
Arunachal Pradesh,Lohit,27.946785273972623,96.59670770547945,259,145726,76221,69505,83062,17157,312,33599,11372,91.0,57.0
Arunachal Pradesh,Lower Dibang Valley,28.32651730103806,95.76567335640142,258,54080,28053,26027,31849,5932,207,12000,3950,93.0,59.0
Arunachal Pradesh,Lower Subansiri,27.70849297297297,93.96226108108112,255,83030,41843,41187,54057,12493,381,18112,5365,98.0,65.0
Arunachal Pradesh,Papum Pare,27.273529716981127,93.54468183962264,248,176573,89182,87391,121048,30539,2477,20308,30180,98.0,69.0
Arunachal Pradesh,Tawang,27.680683962264148,91.82504245283016,245,49977,29151,20826,26073,8635,96,10730,2452,71.0,52.0
Arunachal Pradesh,Tirap,26.94406229508198,95.41470327868862,254,111975,57604,54371,47974,16026,98,18420,6500,94.0,43.0
Arunachal Pradesh,Upper Siang,28.8309244897959,95.00155765306124,252,35320,18699,16621,18195,6198,97,8569,2182,89.0,52.0
Arunachal Pradesh,Upper Subansiri,28.277196566523585,93.8991435622318,249,83448,41758,41690,45278,5373,139,14542,4672,100.0,54.0
Arunachal Pradesh,West Kameng,27.46486582278483,92.65015750452083,246,83947,46155,37792,48492,14188,202,17889,6306,82.0,58.0
Arunachal Pradesh,West Siang,28.106296920289843,94.53510344202908,250,112274,58168,54106,64746,14204,303,22272,8503,93.0,58.0
Assam,Barpeta,26.427872264631056,90.97912010178116,303,1693622,867004,826618,897058,84804,2078,447189,52192,95.0,53.0
Assam,Bongaigaon,26.45012521994133,90.6734296187684,319,738804,375818,362986,434078,49866,2523,181923,38470,97.0,59.0
Assam,Cachar,24.815570668693017,92.86849650455927,316,1736617,886284,850333,1174128,140205,5316,346227,88933,96.0,68.0
Assam,Darrang,26.58463215962442,92.04141338028155,325,928500,475273,453227,487039,45444,1166,268517,20189,95.0,52.0
Assam,Dhemaji,27.586533438485816,94.71336908517353,308,686133,351249,334884,423028,28195,1192,211758,16504,95.0,62.0
Assam,Dibrugarh,27.30612284482757,95.0998282327587,310,1326335,676434,649901,884531,136685,8817,299852,77163,96.0,67.0
Assam,Goalpara,26.017277777777807,90.59869891598912,302,1008183,513292,494891,563577,78641,1364,228610,39504,96.0,56.0
Assam,Golaghat,26.377219709794485,93.82583397823468,313,1066888,543161,523727,721764,82345,3073,292893,34190,96.0,68.0
Assam,Hailakandi,24.457496089385486,92.59154664804475,318,659296,337890,321406,407366,44143,1211,159215,16202,95.0,62.0
Assam,Jorhat,26.76244824016563,94.30197722567289,312,1092256,556805,535451,794929,122063,5651,286330,80824,96.0,73.0
Assam,Kamrup,26.170939452054807,91.58863273972592,321,1517542,778461,739081,995319,122191,3109,390596,43849,95.0,66.0
Assam,Karbi Anglong,26.08966454598031,93.11536570271832,314,956313,490167,466146,557214,53918,1923,215691,37185,95.0,58.0
Assam,Karimganj,24.69660712250711,92.3679498575498,317,1228686,625864,602822,795297,70951,1933,261945,32695,96.0,65.0
Assam,Kokrajhar,26.497246635730868,90.13997470997688,300,887142,452905,434237,489305,41373,1218,204896,17115,96.0,55.0
Assam,Lakhimpur,27.14128805970149,94.0775949253732,307,1042137,529674,512463,683486,60296,1948,293239,34694,97.0,66.0
Assam,Nagaon,26.26462170626351,92.9306191144708,305,2823768,1439112,1384656,1710716,195631,5121,674999,124186,96.0,61.0
Assam,Nalbari,26.46323767605632,91.40598521126763,323,771639,396006,375633,531771,68313,1631,210706,28238,95.0,69.0
Assam,Sonitpur,26.73514926829268,92.85197804878044,306,1924110,983904,940206,1108572,133368,4358,483325,64528,96.0,58.0
Assam,Tinsukia,27.53549291139241,95.69055949367085,309,1327929,680231,647698,798322,161718,5135,290704,90910,95.0,60.0
Bihar,Araria,26.211528119180603,87.30766554934816,209,2811569,1463333,1348236,1195768,43290,2561,659061,44213,92.0,43.0
Bihar,Aurangabad,24.774291867469877,84.45986024096379,235,2540073,1318684,1221389,1466002,44456,2362,428291,49006,93.0,58.0
Bihar,Aurangabad,24.774291867469877,84.45986024096379,515,3701282,1924469,1776813,2503837,589477,23258,551789,427343,92.0,68.0
Maharashtra,Aurangabad,20.0979228832952,75.32072196796334,235,2540073,1318684,1221389,1466002,44456,2362,428291,49006,93.0,58.0
Maharashtra,Aurangabad,20.0979228832952,75.32072196796334,515,3701282,1924469,1776813,2503837,589477,23258,551789,427343,92.0,68.0
Bihar,Banka,24.832355642023337,86.8664916342413,225,2034763,1067140,967623,965321,62359,1704,425604,18492,91.0,47.0
Bihar,Begusarai,25.54302613168723,86.12560144032932,222,2970541,1567660,1402881,1548673,120373,4644,594377,139248,89.0,52.0
Bihar,Bhagalpur,25.277192885375477,87.04213814229242,224,3037766,1615663,1422103,1573066,174534,6764,522527,130634,88.0,52.0
Bihar,Bhojpur,25.50666439393939,84.49407803030304,231,2728407,1430380,1298027,1599151,62153,3661,434559,77368,91.0,59.0
Bihar,Buxar,25.48593018867924,84.08808081760995,232,1706352,887977,818375,989807,46760,1784,299252,35405,92.0,58.0
Bihar,Darbhanga,26.146187719298258,85.97387352472099,215,3937385,2059949,1877436,1816634,127442,6280,907174,95539,91.0,46.0
Bihar,Gaya,24.7266541547278,84.94291217765044,236,4391418,2266566,2124852,2297613,112617,6856,696289,111282,94.0,52.0
Bihar,Gopalganj,26.44874364161851,84.34636127167629,217,2562012,1267666,1294346,1382998,69375,3707,515925,38133,102.0,54.0
Bihar,Jamui,24.78418380462726,86.26316298200514,238,1760405,916064,844341,858588,32633,1839,325909,30851,92.0,49.0
Bihar,Jehanabad,25.155679045643165,84.9208124481328,239,1125313,585582,539731,618881,27641,1106,186660,28132,92.0,55.0
Bihar,Katihar,25.56565356037151,87.70466083591326,212,3071029,1600430,1470599,1280190,60900,2941,668232,69838,92.0,42.0
Bihar,Khagaria,25.53558891454964,86.56593256351037,223,1666886,883786,783100,768028,40641,1580,373696,21007,89.0,46.0
Bihar,Kishanganj,26.324336758321294,87.95045007235886,210,1690400,866970,823430,745056,58718,1093,401793,43357,95.0,44.0
Bihar,Lakhisarai,25.183449321266963,86.12825701357468,227,1000912,526345,474567,507270,44491,1186,175882,31763,90.0,51.0
Bihar,Madhepura,25.77341929460581,86.8978443983403,213,2001762,1047559,954203,834577,23236,1397,486278,24000,91.0,42.0
Bihar,Madhubani,26.41380538172716,86.16328360450552,207,4487379,2329313,2158066,2155338,113281,5319,1047552,41234,93.0,48.0
Bihar,Munger,25.198537962962963,86.54173672839504,226,1367765,729041,638724,801817,90461,2653,222281,85782,88.0,59.0
Bihar,Muzaffarpur,26.18664417177915,85.32745092024543,216,4801062,2527497,2273565,2509232,180651,10290,998694,120700,90.0,52.0
Bihar,Nalanda,25.229345508982053,85.48053113772461,229,2877653,1497060,1380593,1519933,101378,4156,514141,102522,92.0,53.0
Bihar,Nawada,24.825708836206903,85.61594568965519,237,2219146,1144668,1074478,1091012,31162,1841,379551,45323,94.0,49.0
Bihar,Pashchim Champaran,27.16064352201258,84.30265911949685,203,3935042,2061110,1873932,1759481,57546,3495,839514,96620,91.0,45.0
Bihar,Patna,25.40297114503818,85.3198433587787,230,5838465,3078512,2759953,3459679,546859,40692,657991,552103,90.0,59.0
Bihar,Purba Champaran,26.68129336734693,85.00382155612242,204,5099371,2681209,2418162,2276957,74979,7719,1142260,101565,90.0,45.0
Bihar,Purnia,25.81714801901739,87.40447606973065,211,3264619,1699370,1565249,1332326,86058,4170,712847,85749,92.0,41.0
Bihar,Rohtas,24.99170460829495,83.9350762672811,234,2959918,1543546,1416372,1799832,114893,4594,512383,95678,92.0,61.0
Bihar,Saharsa,25.821270696721303,86.54670819672135,214,1900661,997174,903487,804996,41342,1668,432651,38046,91.0,42.0
Bihar,Samastipur,25.793205563909765,85.94833323308269,221,4261566,2230003,2031563,2142880,88021,5379,1012979,43486,91.0,50.0
Bihar,Saran,25.89656077844312,84.82266287425155,219,3951862,2022821,1929041,2157454,94787,4509,701323,76299,95.0,55.0
Bihar,Sheikhpura,25.12472436548223,85.77839390862943,228,636342,329743,306599,328676,20065,631,108293,24345,93.0,52.0
Bihar,Sheohar,26.458380748663107,85.29539411764709,205,656246,346673,309573,283698,10004,478,158484,7516,89.0,43.0
Bihar,Sitamarhi,26.56570069686413,85.61172491289203,206,3423574,1803252,1620322,1436794,66263,3460,807294,49670,90.0,42.0
Bihar,Siwan,26.1736372013652,84.33766552901022,218,3330464,1675090,1655374,1930175,52935,3834,632514,41858,99.0,58.0
Bihar,Supaul,26.28157893772896,86.78496465201461,208,2229076,1155283,1073793,1033283,51028,1845,572287,27815,93.0,46.0
Bihar,Vaishali,25.8134703180212,85.39247597173153,220,3495021,1844535,1650486,1926740,70001,4810,699317,51494,89.0,55.0
Chandigarh,Chandigarh,30.7426,76.75872465753424,55,1055450,580663,474787,805438,231204,44283,8911,289456,82.0,76.0
Chhattisgarh,Bastar,19.393866751269048,81.52895126903546,414,1413199,698487,714712,650863,157646,1782,316425,54894,102.0,46.0
Chhattisgarh,Bilaspur,22.356942982456143,81.99770350877188,30,381956,192764,189192,287620,79146,1574,152458,11987,98.0,75.0
Chhattisgarh,Bilaspur,22.356942982456143,81.99770350877188,406,2663629,1351574,1312055,1596560,519704,8566,549632,188174,97.0,60.0
Himachal Pradesh,Bilaspur,31.3780422907489,76.65316079295157,30,381956,192764,189192,287620,79146,1574,152458,11987,98.0,75.0
Himachal Pradesh,Bilaspur,31.3780422907489,76.65316079295157,406,2663629,1351574,1312055,1596560,519704,8566,549632,188174,97.0,60.0
Chhattisgarh,Dhamtari,20.554912627291245,81.7569195519348,412,799781,397897,401884,546833,148926,1016,168689,41792,101.0,68.0
Chhattisgarh,Durg,21.194463849287164,81.33181639511197,409,3343872,1682101,1661771,2303378,614109,16141,533448,349741,99.0,69.0
Chhattisgarh,Jashpur,22.77286167664669,83.8703962075848,402,851669,424747,426922,495415,76783,567,205670,20722,101.0,58.0
Chhattisgarh,Korba,22.491712499999995,82.57604326923074,404,1206640,612915,593725,748759,202380,4544,206598,126055,97.0,62.0
Chhattisgarh,Koriya,23.50412776859501,82.12515636363635,400,658917,334737,324180,397823,80023,1667,121852,59763,97.0,60.0
Chhattisgarh,Mahasamund,21.223727037773354,82.65925427435384,411,1032754,511967,520787,637963,212487,961,274793,35774,102.0,62.0
Chhattisgarh,Raigarh,22.008265068493166,83.27797698630134,403,1493984,750278,743706,951639,297308,3342,354278,66638,99.0,64.0
Chhattisgarh,Raigarh,22.008265068493166,83.27797698630134,520,2634200,1344345,1289855,1939994,547206,38570,581868,377160,96.0,74.0
Maharashtra,Raigarh,18.453257637845976,73.0090609418579,403,1493984,750278,743706,951639,297308,3342,354278,66638,99.0,64.0
Maharashtra,Raigarh,18.453257637845976,73.0090609418579,520,2634200,1344345,1289855,1939994,547206,38570,581868,377160,96.0,74.0
Chhattisgarh,Raipur,20.88603153846152,82.20032759615388,410,4063872,2048186,2015686,2629749,728556,20261,673499,395001,98.0,65.0
Chhattisgarh,Surguja,23.32719278728607,83.23582493887531,401,2359886,1193129,1166757,1187941,253131,2737,525596,65167,98.0,50.0
Daman and Diu,Daman,20.431616666666677,72.8392366071429,495,191173,124659,66514,150348,49249,1316,10006,61073,53.0,79.0
Daman and Diu,Junagadh,20.72568199498111,70.83985639899612,479,2743082,1404356,1338726,1842818,498326,6628,489237,287506,95.0,67.0
Gujarat,Junagadh,20.929523011609785,70.54733890140345,479,2743082,1404356,1338726,1842818,498326,6628,489237,287506,95.0,67.0
Goa,North Goa,15.548723418714054,73.80667997909038,585,818008,416677,401331,663060,173951,23440,115859,209230,96.0,81.0
Goa,South Goa,15.195278658183785,73.941792596877,586,640537,322463,318074,502427,138810,17624,88620,162873,99.0,78.0
Gujarat,Ahmadabad,22.605425564971743,72.23898135593227,474,7214225,3788051,3426174,5435760,1456046,126341,353169,1845383,90.0,75.0
Gujarat,Amreli,21.04832649310872,71.43457637825426,480,1514190,771049,743141,995459,273331,2538,313714,116899,96.0,66.0
Gujarat,Anand,22.282718206229863,72.57782051557454,482,2092745,1087224,1005521,1551253,378310,9902,413078,208909,92.0,74.0
Gujarat,Banas Kantha,24.258538965517253,71.93205252873561,469,3120506,1610379,1510127,1704923,396873,3424,666773,137424,94.0,55.0
Gujarat,Bharuch,21.75787276237761,72.67326346710801,488,1551019,805707,745312,1118276,309091,10257,300677,181319,93.0,72.0
Gujarat,Bhavnagar,21.70219390341736,72.16272632761141,481,2880365,1490201,1390164,1887255,500757,7297,387251,356826,93.0,66.0
Gujarat,Gandhinagar,23.193679790026252,72.67221679790026,473,1391753,723864,667889,1030494,262539,12107,237624,195634,92.0,74.0
Gujarat,Jamnagar,22.410600414263328,69.62062005768233,477,2160119,1114192,1045927,1396534,386538,11573,347158,299167,94.0,65.0
Gujarat,Kachchh,23.48057203301311,68.82192301497916,468,2092371,1096737,995634,1252319,403294,9631,488293,250982,91.0,60.0
Gujarat,Kheda,22.88765312500002,73.018803515625,483,2299885,1185727,1114158,1660243,372226,5710,461479,160547,94.0,72.0
Gujarat,Mahesana,23.529355452865065,72.45545194085031,471,2035064,1056520,978544,1502645,385609,7759,476005,183738,93.0,74.0
Gujarat,Narmada,21.70666386292833,73.68403208722742,487,590297,301086,289211,370336,101940,576,138121,22248,96.0,63.0
Gujarat,Navsari,20.866973318871995,72.86184869848157,490,1329672,678165,651507,1001909,267679,6726,267739,141417,96.0,75.0
Gujarat,Panch Mahals,22.80435606837605,73.61984598290586,484,2390776,1226961,1163815,1440805,398937,3456,463363,104238,95.0,60.0
Gujarat,Patan,23.80634198473284,71.75162977099237,470,1343734,694397,649337,837913,223424,2231,301483,102655,94.0,62.0
Gujarat,Porbandar,21.55092351651571,69.71896987722886,478,585449,300209,285240,393678,117040,1653,96015,87557,95.0,67.0
Gujarat,Rajkot,22.40603377715488,70.83679439383323,476,3804558,1974445,1830113,2725056,747352,21785,459474,721532,93.0,72.0
Gujarat,Sabar Kantha,23.71803594548552,73.13638790459964,472,2428589,1244231,1184358,1578734,438606,5262,544024,121509,95.0,65.0
Gujarat,Surat,21.25761372772093,72.93488716344339,492,6081322,3402224,2679098,4571410,1252452,55694,369840,1529998,79.0,75.0
Gujarat,Surendranagar,22.82672007299272,71.48358740875906,475,1756268,909917,846351,1093626,302068,2975,340788,159810,93.0,62.0
Gujarat,The Dangs,20.801633877551023,73.6883518367347,489,228291,113821,114470,140968,29794,137,52102,7516,101.0,62.0
Gujarat,Vadodara,22.26133739279589,73.49433010291594,486,4165626,2153736,2011890,2893080,798277,53606,547454,692971,93.0,69.0
Gujarat,Valsad,20.44238231644259,72.9148584798345,491,1705678,887222,818456,1170657,329218,11020,262410,235981,92.0,69.0
Haryana,Ambala,30.3503672316384,76.94970310734456,70,1128350,598703,529647,818025,199681,12899,175365,139891,88.0,72.0
Haryana,Bhiwani,28.728868064516128,76.02110225806452,81,1634445,866672,767773,1069871,266244,5292,357047,99235,89.0,65.0
Haryana,Faridabad,28.14873109756098,77.32718536585368,88,1809733,966110,843623,1272739,333171,43437,87700,382981,87.0,70.0
Haryana,Fatehabad,29.57298318584072,75.54608716814157,78,942011,495360,446651,557578,153301,3210,203020,55360,90.0,59.0
Haryana,Gurgaon,28.043894789579163,77.01935130260523,86,1514432,816690,697742,1111116,305751,67087,141703,381988,85.0,73.0
Haryana,Hisar,29.23628731117825,75.84324682779452,80,1743931,931562,812369,1114311,285004,10132,302013,154113,87.0,64.0
Haryana,Jhajjar,28.59651868131869,76.61137142857145,83,958405,514667,443738,676091,168558,5034,211816,78328,86.0,71.0
Haryana,Jind,29.45149821958457,76.29598575667653,77,1334152,713006,621146,832758,222462,5263,278335,89665,87.0,62.0
Haryana,Kaithal,29.96068539094649,76.37698930041155,73,1074304,571003,503301,646529,187349,3724,231091,75696,88.0,60.0
Haryana,Karnal,29.703200647249204,76.87488025889972,74,1505324,797712,707612,978013,267223,11163,292682,135920,89.0,65.0
Haryana,Kurukshetra,30.05652659846548,76.78774680306903,72,964655,510976,453679,646893,171908,7356,203553,88268,89.0,67.0
Haryana,Mahendragarh,28.1352161458333,76.14018072916659,84,922088,486665,435423,630255,135455,2624,223726,44216,89.0,68.0
Haryana,Panchkula,30.700897142857134,76.97173238095236,69,561293,299679,261614,405318,103455,18615,70895,93656,87.0,72.0
Haryana,Panipat,29.34352134146342,76.92895914634147,75,1205437,646857,558580,786599,209965,10024,173502,153804,86.0,65.0
Haryana,Rewari,28.19164714828897,76.55956007604564,85,900332,474335,425997,636947,152651,5121,199449,69305,90.0,71.0
Haryana,Rohtak,28.892517647058817,76.53123235294117,82,1061204,568479,492725,747582,193120,8482,175203,131739,87.0,70.0
Haryana,Sirsa,29.63583446327684,74.90970480225988,79,1295189,682582,612607,782897,215527,6287,245476,93316,90.0,60.0
Himachal Pradesh,Chamba,32.66741814595661,76.39354063116366,23,519080,261320,257760,323842,96082,1615,186395,13836,99.0,62.0
Himachal Pradesh,Hamirpur,31.67668481012659,76.49767088607594,28,454768,217070,237698,358091,104120,2521,196116,15232,110.0,79.0
Himachal Pradesh,Hamirpur,31.67668481012659,76.49767088607594,168,1104285,593537,510748,653299,55929,1196,256081,55300,86.0,59.0
Uttar Pradesh,Hamirpur,25.738158381502892,79.82619479768789,28,454768,217070,237698,358091,104120,2521,196116,15232,110.0,79.0
Uttar Pradesh,Hamirpur,25.738158381502892,79.82619479768789,168,1104285,593537,510748,653299,55929,1196,256081,55300,86.0,59.0
Himachal Pradesh,Kangra,32.14093603238864,76.41205910931173,24,1510075,750591,759484,1152640,330081,8053,588321,39007,101.0,76.0
Himachal Pradesh,Kinnaur,31.60667184065933,78.51613736263741,34,84121,46249,37872,60699,17865,354,44514,0,82.0,72.0
Himachal Pradesh,Kullu,31.90911922077925,77.40922649350647,26,437903,225452,212451,307672,91322,2623,167995,20709,94.0,70.0
Himachal Pradesh,Mandi,31.635805940594054,76.96556930693067,27,999777,498065,501712,723747,214491,5333,431129,31696,101.0,72.0
Himachal Pradesh,Shimla,31.155725451807253,77.62573042168668,33,814010,425039,388971,612642,172754,9177,279269,95896,92.0,75.0
Himachal Pradesh,Sirmaur,30.682764453961443,77.43184689507493,32,529855,276289,253566,362645,91509,2220,171102,21054,92.0,68.0
Himachal Pradesh,Solan,31.03864311926604,76.94442140672783,31,580320,308754,271566,428578,119866,5250,192787,51509,88.0,74.0
Himachal Pradesh,Una,31.58330388349513,76.18353932038836,29,521173,263692,257481,399715,105929,2412,185091,20126,98.0,77.0
Jammu and Kashmir,Doda,33.359614675767915,76.07163720136518,16,409936,213641,196295,219083,61831,596,122267,11350,92.0,53.0
Jammu and Kashmir,Jammu,32.713199095022645,74.8477520361991,21,1529958,813821,716137,1137135,294739,19905,254566,248043,88.0,74.0
Jammu and Kashmir,Kargil,33.565994894894914,76.63675315315312,4,140802,77785,63017,86236,15824,235,40370,7774,81.0,61.0
Jammu and Kashmir,Kathua,32.51781678321678,75.58901398601404,7,616435,326109,290326,389204,109422,1443,181374,33473,89.0,63.0
Jammu and Kashmir,Pulwama,33.88414418604652,75.00921860465118,12,560440,293064,267376,293958,73629,1537,147520,21703,91.0,52.0
Jammu and Kashmir,Punch,33.791241290322574,74.29593161290322,5,476835,251899,224936,261724,62900,346,132139,15269,89.0,55.0
Jammu and Kashmir,Srinagar,34.27312898550724,75.11021159420288,10,1236829,651124,585705,748584,165403,16413,4518,257721,90.0,61.0
Jammu and Kashmir,Udhampur,33.04770670731707,75.15286951219511,19,554985,296784,258201,322354,73999,1214,148664,34696,87.0,58.0
Jharkhand,Bokaro,23.6814965034965,85.98398374125864,355,2062330,1072807,989523,1273520,274726,9754,250312,258452,92.0,62.0
Jharkhand,Chatra,24.11619945750453,84.93295804701627,347,1042886,533935,508951,510061,27037,590,200974,14528,95.0,49.0
Jharkhand,Deoghar,24.33070100755672,86.75697632241814,350,1492073,775022,717051,793538,130193,1944,257373,64337,93.0,53.0
Jharkhand,Dhanbad,23.854509090909097,86.40372924901185,354,2684487,1405956,1278531,1722204,427173,11568,258764,405455,91.0,64.0
Jharkhand,Dumka,24.275006125574265,87.27662450229711,362,1321442,668514,652928,672409,62110,1193,303697,23281,98.0,51.0
Jharkhand,Garhwa,24.082114689265527,83.68664265536722,346,1322784,683575,639209,653476,29373,565,272872,19180,94.0,49.0
Jharkhand,Giridih,24.30578509874329,86.08710915619386,349,2445474,1258098,1187376,1253475,125431,1944,452564,46886,94.0,51.0
Jharkhand,Godda,24.8189,87.2941735483871,351,1313551,677927,635624,604519,43230,874,276454,15576,94.0,46.0
Jharkhand,Gumla,23.078532948929148,84.55056787479396,366,1025213,514390,510823,559720,31687,831,216629,16445,99.0,55.0
Jharkhand,Jamtara,23.97873318077801,86.95325080091534,363,791042,404830,386212,426312,49419,808,165555,20113,95.0,54.0
Jharkhand,Latehar,23.72511185840708,84.48298743362837,359,726978,369666,357312,350682,38194,340,146377,14137,97.0,48.0
Jharkhand,Lohardaga,23.488796043165483,84.6605169064748,356,461790,232629,229161,259707,28769,351,96759,14725,99.0,56.0
Jharkhand,Pakur,24.57260428082189,87.69691969178076,353,900422,452661,447761,352881,31414,328,200588,16587,99.0,39.0
Jharkhand,Palamu,24.196925968109337,84.20310842824594,358,1939869,1006302,933567,1024563,68238,2155,355529,52375,93.0,53.0
Jharkhand,Ranchi,23.184235061391547,85.31781937244203,364,2914253,1494937,1419316,1911433,350908,22538,420740,310242,95.0,66.0
Jharkhand,Sahibganj,24.93667989690721,87.68264097938142,352,1150567,589391,561176,483263,34879,591,223450,37543,95.0,42.0
Jharkhand,Simdega,22.608760391198054,84.59193691931536,367,599578,300309,299269,343483,16865,423,144169,11114,100.0,57.0
Karnataka,Bagalkot,16.15860676328503,75.64526070853468,556,1889752,950111,939641,1113412,301389,3745,324799,165858,99.0,59.0
Karnataka,Bangalore Rural,12.936827087794448,77.47369314775169,583,990923,509172,481751,688749,214253,3729,231052,95410,95.0,70.0
Karnataka,Belgaum,16.16107219152853,74.72329042357275,555,4779661,2423063,2356598,3052032,808827,17560,962777,356198,97.0,64.0
Karnataka,Bellary,15.074377548209377,76.47228471074374,565,2452595,1236954,1215641,1421621,440374,9626,371604,251876,98.0,58.0
Karnataka,Bidar,17.950361730769224,77.19459961538459,558,1703300,870665,832635,1042673,271439,3971,287134,102269,96.0,61.0
Karnataka,Bijapur,16.84015316666667,75.95909166666665,417,255230,128663,126567,86919,12516,117,50449,7942,98.0,34.0
Karnataka,Bijapur,16.84015316666667,75.95909166666665,557,2177331,1111022,1066309,1248268,326594,4987,396449,131041,96.0,57.0
Karnataka,Chikmagalur,13.425288289676422,75.67626502311249,570,1137961,566622,571339,818345,238505,4510,311660,80766,101.0,72.0
Karnataka,Chitradurga,14.29102220394736,76.57821957236843,566,1659456,840843,818613,1087392,307257,5711,349704,97644,97.0,66.0
Karnataka,Davanagere,14.330414586709884,75.91723841166937,567,1945497,986400,959097,1308540,372671,7320,354680,176011,97.0,67.0
Karnataka,Dharwad,15.343831376975173,75.13831264108359,562,1847023,937206,909817,1301664,347962,15013,199707,283397,97.0,70.0
Karnataka,Gadag,15.507128256880746,75.64861302752298,561,1064570,537147,527423,700177,198064,3373,180066,111906,98.0,66.0
Karnataka,Gulbarga,17.070459515951594,76.87503850385033,579,2566326,1301755,1264571,1427368,404767,9752,400704,199303,97.0,56.0
Karnataka,Hassan,12.945098749999998,76.11049549999997,574,1776421,883667,892754,1225256,400702,4851,496103,132878,101.0,69.0
Karnataka,Haveri,14.737582809224318,75.3961230607966,564,1597668,819128,778540,1085443,295937,2456,315076,98488,95.0,68.0
Karnataka,Kodagu,12.39684468085106,75.79336595744688,576,554519,274608,279911,412877,113931,3308,181182,31792,102.0,74.0
Karnataka,Kolar,13.312799881235172,78.01376947743476,581,1536401,776396,760005,1016219,309494,5051,326567,151042,98.0,66.0
Karnataka,Koppal,15.651253271028034,76.1617048598131,560,1389920,699926,689994,809085,223166,2135,272968,64681,99.0,58.0
Karnataka,Mandya,12.574901806239744,76.81570098522172,573,1805769,905085,900684,1149649,391033,3367,458867,103435,100.0,64.0
Karnataka,Mysore,12.248100259403367,76.52881802853437,577,3001127,1511600,1489527,1962180,640868,28397,540596,380386,99.0,65.0
Karnataka,Raichur,16.050795353982295,76.87368606194688,559,1928812,964511,964301,979769,314547,5200,330446,125402,100.0,51.0
Karnataka,Shimoga,14.063845885634592,75.17882078103197,568,1752753,877415,875338,1263016,363835,8791,352444,201662,100.0,72.0
Karnataka,Tumkur,13.592467760074973,77.02297966260545,571,2678980,1350594,1328386,1813391,562769,7971,685443,204799,98.0,68.0
Karnataka,Udupi,13.450404228534568,74.72009990316337,569,1177361,562131,615230,926429,224814,9070,269817,115572,109.0,79.0
Kerala,Alappuzha,9.542602965599087,76.38010796263319,598,2127789,1013142,1114647,1852797,507913,28842,331419,392117,110.0,87.0
Kerala,Ernakulam,10.004879301987431,76.26957729035381,595,3282388,1619557,1662831,2855676,771287,88737,369694,804997,103.0,87.0
Kerala,Idukki,9.80480963855423,77.04586641566264,596,1108974,552808,556166,923010,244844,8250,391610,20823,101.0,83.0
Kerala,Kannur,11.941523076923056,75.35209891725934,589,2523003,1181446,1341557,2138434,511167,32653,306288,566191,114.0,85.0
Kerala,Kasaragod,12.33310309912974,75.07768497134369,588,1307375,628613,678762,1037492,237670,10378,251641,166164,108.0,79.0
Kerala,Kollam,8.929388820570157,76.6360775852431,600,2635375,1246968,1388407,2240273,630767,31542,523715,401415,111.0,85.0
Kerala,Kottayam,9.643701174068417,76.46059673302705,597,1974551,968289,1006262,1749798,464039,37849,481967,196194,104.0,89.0
Kerala,Kozhikode,11.392924270557026,75.71158720159153,591,3086293,1470942,1615351,2615443,641660,36791,323793,666543,110.0,85.0
Kerala,Malappuram,10.97329875666072,75.93910775606876,592,4112920,1960328,2152592,3311315,730119,27909,634543,522586,110.0,81.0
Kerala,Palakkad,10.784926903553291,76.49980490693744,593,2809934,1359478,1450456,2239492,587583,27162,665899,228442,107.0,80.0
Kerala,Thiruvananthapuram,8.537101759082221,76.88711502868073,601,3301427,1581678,1719749,2785408,783872,71621,559293,609824,109.0,84.0
Kerala,Thrissur,10.458932647907687,76.12321940836945,594,3121200,1480763,1640437,2678548,721625,56148,336748,715119,111.0,86.0
Kerala,Wayanad,11.715277464788736,76.07587007042254,590,817420,401684,415736,645585,149864,4712,266183,11805,103.0,79.0
Madhya Pradesh,Anuppur,23.18184220430107,81.86560000000007,461,749237,379114,370123,436595,81338,1290,147388,60325,98.0,58.0
Madhya Pradesh,Ashoknagar,24.63098846153845,77.82974493927134,459,845071,443837,401234,469109,84720,619,169606,37135,90.0,56.0
Madhya Pradesh,Balaghat,21.80020720640569,80.42170053380796,457,1701698,842178,859520,1147623,277927,1712,400074,70793,102.0,67.0
Madhya Pradesh,Barwani,21.702135714285724,74.91004719710673,441,1385881,699340,686541,549926,181139,1158,250358,48912,98.0,40.0
Madhya Pradesh,Betul,21.964626315789477,77.7873428189117,447,1575362,799236,776126,939769,230974,2109,318945,87704,97.0,60.0
Madhya Pradesh,Bhind,26.35951126187245,78.7618324287653,420,1703005,926843,776162,1094917,107819,1166,271211,88385,84.0,64.0
Madhya Pradesh,Bhopal,23.480726143790854,77.39246623093679,444,2371061,1236130,1134931,1660690,452912,40788,118893,581826,92.0,70.0
Madhya Pradesh,Burhanpur,21.364567254408065,76.24460478589425,467,757847,388504,369343,408679,112420,986,115979,62861,95.0,54.0
Madhya Pradesh,Chhatarpur,24.813637376460004,79.56449299191374,425,1762375,936121,826254,943033,176056,1880,375869,95048,88.0,54.0
Madhya Pradesh,Chhindwara,22.227966971713823,78.76413136439254,455,2090922,1064468,1026454,1294198,344875,3588,413142,140802,96.0,62.0
Madhya Pradesh,Damoh,23.76624407960196,79.47049303482588,428,1264219,661873,602346,747715,187731,1432,303387,66514,91.0,59.0
Madhya Pradesh,Datia,25.90226439560441,78.63916571428574,422,786754,420157,366597,491445,97696,616,160453,43401,87.0,62.0
Madhya Pradesh,Dewas,22.7851110021322,76.46088805970157,437,1563715,805359,758356,925369,270457,3518,274995,101014,94.0,59.0
Madhya Pradesh,Dhar,22.572681718963157,75.1105620736698,438,2185793,1112725,1073068,1077338,349639,2388,412348,103364,96.0,49.0
Madhya Pradesh,Dindori,22.83738437047757,81.04332966714911,453,704524,351913,352611,378714,62372,554,218021,9774,100.0,54.0
Madhya Pradesh,Guna,24.49043927178156,77.2235895968791,458,1241519,649362,592157,653980,144248,2482,212765,72320,91.0,53.0
Madhya Pradesh,Gwalior,26.04074441964285,78.12782433035713,421,2032036,1090327,941709,1357210,306859,15779,172720,272172,86.0,67.0
Madhya Pradesh,Harda,22.227659781121783,77.07022571819435,448,570465,294838,275627,352550,95066,986,112714,31845,93.0,62.0
Madhya Pradesh,Hoshangabad,22.595268801996703,78.02168094841929,449,1241350,648725,592625,810644,198076,2871,209650,105746,91.0,65.0
Madhya Pradesh,Indore,22.680265752128648,75.9133801324502,439,3276697,1699627,1577070,2309130,593576,48691,200371,587947,93.0,70.0
Madhya Pradesh,Jabalpur,23.18525572327043,79.98328754716981,451,2463289,1277278,1186011,1756468,452023,20443,272284,352477,93.0,71.0
Madhya Pradesh,Jhabua,22.419578015397768,74.40921616766468,464,1025048,515023,510025,352081,125411,744,211080,24713,99.0,34.0
Madhya Pradesh,Katni,23.724416229116937,80.33819665871127,450,1292042,662013,630029,790773,172416,2179,276151,72880,95.0,61.0
Madhya Pradesh,Mandla,22.70348712446353,80.38600543633753,454,1054905,525272,529633,604962,143803,912,279674,37258,101.0,57.0
Madhya Pradesh,Mandsaur,24.19278764044944,75.43588667736759,433,1340411,682851,657560,834591,239885,2324,302287,81832,96.0,62.0
Madhya Pradesh,Morena,26.37313504531724,77.88447341389724,419,1965970,1068417,897553,1179685,131486,1781,319298,95288,84.0,60.0
Madhya Pradesh,Neemuch,24.70311893333336,75.06608186666664,432,826067,422653,403414,508834,145258,1945,174235,67962,95.0,62.0
Madhya Pradesh,Panna,24.451325840092657,80.21133001158752,426,1016520,533480,483040,552559,76097,653,256744,32179,91.0,54.0
Madhya Pradesh,Raisen,23.292518206521724,78.16305495923909,446,1331597,700358,631239,820220,194373,1141,251272,74441,90.0,62.0
Madhya Pradesh,Rajgarh,23.785499026425583,76.66431223922116,442,1545814,790212,755602,804245,231130,1611,331894,69823,96.0,52.0
Madhya Pradesh,Ratlam,23.503562290502792,75.14895782122909,434,1455069,738241,716828,825880,213825,3644,266716,107151,97.0,57.0
Madhya Pradesh,Rewa,24.861184625158856,81.57572465057183,430,2365106,1225100,1140006,1441757,251132,3406,523910,94489,93.0,61.0
Madhya Pradesh,Sagar,23.800318709677374,78.71940357771273,427,2378458,1256257,1122201,1545719,366494,4546,448408,165507,89.0,65.0
Madhya Pradesh,Satna,24.62777621776502,80.75547048710598,429,2228935,1157495,1071440,1371781,294702,3754,461831,114173,93.0,62.0
Madhya Pradesh,Sehore,22.9297199679658,77.06780202883085,445,1311332,683743,627589,780362,212138,1566,270427,59220,92.0,60.0
Madhya Pradesh,Seoni,22.33230487804874,79.66053863928111,456,1379131,695879,683252,864194,228695,1182,335045,47542,98.0,63.0
Madhya Pradesh,Shahdol,23.44859864559819,81.4596831828442,460,1066063,540021,526042,604194,113184,1733,233594,57846,97.0,57.0
Madhya Pradesh,Shajapur,23.566620317220547,76.33555181268885,436,1512681,780520,732161,894612,232735,1382,312611,73997,94.0,59.0
Madhya Pradesh,Sheopur,25.78014810996563,77.16911116838484,418,687861,361784,326077,328025,74770,273,150146,26376,90.0,48.0
Madhya Pradesh,Shivpuri,25.37802451874367,77.74861600810549,423,1726050,919795,806255,900846,148128,1852,367859,66759,88.0,52.0
Madhya Pradesh,Sidhi,24.17547189952905,82.1053783359498,462,1127033,575912,551121,600785,102228,837,250953,25916,96.0,53.0
Madhya Pradesh,Tikamgarh,25.14099852104666,78.89357064846428,424,1445166,760355,684811,747940,132725,1090,322772,60220,90.0,52.0
Madhya Pradesh,Ujjain,23.319288862745065,75.80383717647058,435,1986864,1016289,970575,1240990,323379,7501,300765,188684,96.0,62.0
Madhya Pradesh,Umaria,23.59601063063061,80.90879477477475,431,644758,330674,314084,356672,67975,839,138100,29966,95.0,55.0
Madhya Pradesh,Vidisha,23.82838307984792,77.9013507604563,443,1458875,769568,689307,862918,181510,1926,292579,83830,90.0,59.0
Maharashtra,Akola,20.746310479041902,77.12122320359276,501,1813906,932334,881572,1411281,314490,6163,308158,196077,95.0,78.0
Maharashtra,Amravati,21.16520991810736,77.67583503184723,503,2888445,1480768,1407677,2251875,512492,9438,508921,272894,95.0,78.0
Maharashtra,Bhandara,21.211792649727748,80.10950199637024,506,1200334,605520,594814,899860,227025,2932,283843,72575,98.0,75.0
Maharashtra,Bid,18.952353340080982,75.69319706477731,523,2585049,1349106,1235943,1718507,402052,5614,563114,135457,92.0,66.0
Maharashtra,Buldana,20.56680611183355,76.39017880364096,500,2586258,1337560,1248698,1879874,423036,4767,575405,152787,93.0,73.0
Maharashtra,Chandrapur,20.095609090909075,79.31556380471388,509,2204307,1123834,1080473,1578615,418666,8239,451324,233331,96.0,72.0
Maharashtra,Dhule,21.274018690400517,74.58719071837263,498,2050862,1054031,996831,1293916,315332,6065,382777,146013,95.0,63.0
Maharashtra,Gondiya,21.225008411214997,80.17522698598128,507,1322507,661554,660953,1004243,239981,2866,319702,66813,100.0,76.0
Maharashtra,Hingoli,19.59525302245251,77.09239412780653,512,1177345,606294,571051,790743,159114,1221,242456,41913,94.0,67.0
Maharashtra,Jalgaon,20.8828943415638,75.55140421810695,499,4229917,2197365,2032552,2891882,720791,14297,796223,373565,92.0,68.0
Maharashtra,Jalna,19.984612534818933,75.98473607242339,514,1959046,1011473,947573,1195523,288895,3791,404746,98084,94.0,61.0
Maharashtra,Kolhapur,16.44881301587301,74.12897150793648,530,3876001,1980658,1895343,2825845,770005,22269,796496,382818,96.0,73.0
Maharashtra,Latur,18.348687268993856,76.75812607802874,524,2454196,1273140,1181056,1650672,381722,6217,428616,157016,93.0,67.0
Maharashtra,Nagpur,21.196556862745105,79.02166176470584,505,4653570,2384975,2268595,3673808,917626,57964,430844,877522,95.0,79.0
Maharashtra,Nanded,19.209316983017,77.6829048951049,511,3361292,1730075,1631217,2189425,488748,7548,591119,230563,94.0,65.0
Maharashtra,Nandurbar,21.523175625248147,74.32638757443429,497,1648295,833170,815125,906509,186202,2579,333440,71572,98.0,55.0
Maharashtra,Nashik,20.266912871287143,74.03824168316828,516,6107187,3157186,2950001,4345366,904710,45039,904661,764271,93.0,71.0
Maharashtra,Osmanabad,18.19459456066944,75.99495575313809,525,1657576,861535,796041,1137810,240042,3209,367158,77832,92.0,69.0
Maharashtra,Parbhani,19.31032425249168,76.70163338870431,513,1836086,942870,893216,1157814,272486,3982,293480,133759,95.0,63.0
Maharashtra,Pune,18.51696171428573,74.12922881632647,521,9429408,4924105,4505303,7171723,1925019,235018,1165718,2056739,91.0,76.0
Maharashtra,Ratnagiri,17.210195070127703,73.25725893866404,528,1615069,761121,853948,1199392,367352,7752,538538,100824,112.0,74.0
Maharashtra,Sangli,17.154930181086502,74.70713822937628,531,2822143,1435728,1386415,2049467,485126,13212,626872,226801,97.0,73.0
Maharashtra,Satara,17.6737908974359,74.18052064102558,527,3003741,1510842,1492899,2225694,562653,14093,774522,200949,99.0,74.0
Maharashtra,Sindhudurg,16.170948049777163,73.51329008172343,529,849651,417332,432319,666067,194228,3517,295847,44989,104.0,78.0
Maharashtra,Solapur,17.837357937584812,75.42394823609216,526,4317756,2227852,2089904,2910676,595560,15145,779929,376302,94.0,67.0
Maharashtra,Thane,19.698767747440264,72.79882742564581,517,11060148,5865078,5195070,8227161,2231800,256170,713994,2904157,89.0,74.0
Maharashtra,Wardha,20.80743024390242,78.57259105691062,504,1300774,668385,632389,1019458,266155,4313,268486,120218,95.0,78.0
Maharashtra,Washim,20.282282394366213,77.25502394366208,502,1197160,620302,576858,869917,196022,1875,274925,55921,93.0,73.0
Maharashtra,Yavatmal,20.04258346738159,78.05326371760479,510,2772348,1419965,1352383,2022574,446516,6094,629243,168889,95.0,73.0
Manipur,Bishnupur,24.50712111801243,93.8246236024845,275,237399,118782,118617,156333,34364,676,34977,21172,100.0,66.0
Manipur,Chandel,24.2635812987013,94.09443844155844,280,144182,74579,69603,90302,18764,184,30377,3783,93.0,63.0
Manipur,Churachandpur,24.30309718875504,93.38671506024085,274,274143,138820,135323,195935,29894,837,52972,4853,97.0,71.0
Manipur,Senapati,25.08465586034914,94.03366234413956,272,479148,247323,231825,264477,22798,256,38008,1826,94.0,55.0
Manipur,Tamenglong,24.98312942238265,93.49450740072204,273,140651,72371,68280,85006,11541,125,23982,4119,94.0,60.0
Manipur,Thoubal,24.545392553191498,93.97959893617023,276,422168,210845,211323,269304,49507,880,65961,38302,100.0,64.0
Manipur,Ukhrul,25.05900314960629,94.44129566929138,279,183998,94718,89280,129829,14026,276,36084,5806,94.0,71.0
Meghalaya,East Garo Hills,25.82728228228228,90.64684924924916,294,317917,161223,156694,192147,24550,288,62698,11518,97.0,60.0
Meghalaya,East Khasi Hills,25.303763888888884,91.75922519841272,298,825922,410749,415173,578030,135941,5032,106248,108843,101.0,70.0
Meghalaya,Jaintia Hills,25.33959557069844,92.37608160136298,299,395124,196285,198839,187527,41677,510,76546,7171,101.0,47.0
Meghalaya,South Garo Hills,25.240568578553614,90.64560349127176,295,142334,73170,69164,82062,10940,179,35930,3713,95.0,58.0
Meghalaya,West Garo Hills,25.495285185185185,90.03709947089942,293,643291,324159,319132,358702,51301,1630,139351,18594,98.0,56.0
Meghalaya,West Khasi Hills,25.500889926739926,91.25364542124538,296,383461,193715,189746,230678,32873,149,74832,12299,98.0,60.0
Mizoram,Aizawl,23.90781335453101,92.85359459459472,283,400309,199270,201039,340595,79804,4019,20570,80341,101.0,85.0
Mizoram,Champhai,23.54166580976866,93.24221799485862,284,125745,63388,62357,100802,23948,186,18395,12717,98.0,80.0
Mizoram,Kolasib,24.2020004347826,92.73470391304348,282,83955,42918,41037,65895,14853,367,9669,12507,96.0,78.0
Mizoram,Lawngtlai,22.36102843137253,92.66964156862753,287,117894,60599,57295,62861,9283,162,21993,5273,95.0,53.0
Mizoram,Lunglei,23.007717036172675,92.63512555425892,286,161428,82891,78537,121122,26394,482,21479,17315,95.0,75.0
Mizoram,Mamit,23.73852942502819,92.4330803833147,281,86364,44828,41536,60191,12158,90,16726,4129,93.0,70.0
Mizoram,Saiha,22.35744801061008,93.02827931034489,288,56574,28594,27980,42233,7400,168,7043,5784,98.0,75.0
Mizoram,Serchhip,23.263864705882344,92.914158496732,285,64937,32851,32086,54476,12315,131,7472,8018,98.0,84.0
Nagaland,Dimapur,25.814176811594223,93.75074057971014,265,378811,197394,181417,278037,71413,3303,49116,62853,92.0,73.0
Nagaland,Kohima,25.60311428571428,93.78600657596373,270,267988,138966,129022,197489,50724,1928,31845,44255,93.0,74.0
Nagaland,Mokokchung,26.478911764705888,94.522426006192,262,194622,101092,93530,159494,40154,537,37536,17742,93.0,82.0
Nagaland,Mon,26.69207374301676,95.03072988826828,261,250260,131753,118507,119626,14398,178,43607,7415,90.0,48.0
Nagaland,Phek,25.63272986577182,94.56814563758392,266,163418,83743,79675,105893,36182,170,38903,7295,95.0,65.0
Nagaland,Tuensang,26.21104453280316,94.85809880715708,267,196596,101933,94663,117511,24998,155,40690,9451,93.0,60.0
Nagaland,Wokha,26.202611551155112,94.1990815181518,264,166343,84505,81838,128208,25268,198,38499,8170,97.0,77.0
Nagaland,Zunheboto,26.028178205128206,94.50026666666668,263,140757,71217,69540,102881,28846,261,31267,6044,98.0,73.0
Orissa,Baleshwar,21.48570932311624,87.08085828011933,377,2320529,1185787,1134742,1621232,296834,7370,601154,82440,96.0,70.0
Orissa,Bhadrak,20.95262735257214,86.81496204516931,378,1506337,760260,746077,1094140,164636,2637,373862,54244,98.0,73.0
Orissa,Cuttack,20.407640646029623,85.7776810228802,381,2624470,1352760,1271710,2011469,349587,15046,579529,210768,94.0,77.0
Orissa,Dhenkanal,20.79887159353349,85.53226836027711,383,1192811,612593,580218,829910,117172,1810,315390,36979,95.0,70.0
Orissa,Gajapati,19.121080882352945,84.14015091911759,389,577817,282882,294935,262537,63112,635,152095,23050,104.0,45.0
Orissa,Ganjam,19.2632617564534,84.80297710437702,388,3529031,1779218,1749813,2210050,405298,9049,795476,219918,98.0,63.0
Orissa,Jharsuguda,21.827058566978184,83.93581682242987,371,579505,296690,282815,405879,81433,2498,103224,73962,95.0,70.0
Orissa,Kalahandi,19.784253092783523,83.1124043814433,395,1576869,787101,789768,802036,91171,1953,456336,38412,100.0,51.0
Orissa,Kandhamal,20.092878624813142,84.02216352765326,390,733110,359945,373165,399786,28736,768,218446,24489,104.0,55.0
Orissa,Kendrapara,20.606319815982264,86.83763247572003,379,1440361,717814,722547,1089265,173107,1628,414749,23494,101.0,76.0
Orissa,Khordha,20.054162322274863,85.52234834123229,386,2251673,1167137,1084536,1749936,349860,35701,331834,356895,93.0,78.0
Orissa,Koraput,18.82627794779476,82.81278469846964,398,1379647,678809,700838,568090,85766,3988,381789,78339,103.0,41.0
Orissa,Malkangiri,18.25227930367506,81.98293636363628,399,613192,303624,309568,244706,24604,448,167884,15839,102.0,40.0
Orissa,Mayurbhanj,21.897621545157754,86.4030408052231,376,2519738,1256213,1263525,1369397,140189,2950,689110,64479,101.0,54.0
Orissa,Nayagarh,20.192895622119817,85.05614700460825,385,962789,502636,460153,688362,124984,1163,261646,26688,92.0,71.0
Orissa,Nuapada,20.471309512195116,82.59152536585364,394,610382,301962,308420,299383,43976,757,197258,11869,102.0,49.0
Orissa,Puri,19.83509174603177,85.86698989898981,387,1698730,865380,833350,1291939,201605,3416,402014,72210,96.0,76.0
Orissa,Rayagada,19.292840020060204,83.45860120361095,396,967911,471960,495951,407735,61543,1553,237343,49205,105.0,42.0
Orissa,Sambalpur,21.515752380952385,84.34958483245157,372,1041099,526877,514222,703691,126498,5231,220697,94798,98.0,68.0
Orissa,Sundargarh,22.06354819277107,84.50524819277099,374,2093437,1061147,1032290,1342322,223537,12787,387911,230151,97.0,64.0
Puducherry,Karaikal,10.876161726078813,79.82369793621002,637,200222,97809,102413,154916,47880,1868,35618,33715,105.0,77.0
Puducherry,Mahe,12.006420793787758,75.28275021570326,636,41816,19143,22673,36470,7150,574,0,12110,118.0,87.0
Puducherry,Yanam,16.707695652173904,82.26187304347832,634,55626,27301,28325,39274,12859,207,0,15519,104.0,71.0
Punjab,Amritsar,31.548679820627772,74.79883856502238,49,2490656,1318408,1172248,1684770,461231,29961,275477,385476,89.0,68.0
Punjab,Bathinda,30.190524611973352,75.05685898004438,46,1388525,743197,645328,844868,255650,11284,218159,137563,87.0,61.0
Punjab,Faridkot,30.591187250996025,74.79751553784862,45,617508,326671,290837,381285,113549,4348,99946,58917,89.0,62.0
Punjab,Fatehgarh Sahib,30.64290947368421,76.36208394736842,40,600163,320795,279368,426033,113683,5138,117559,57337,87.0,71.0
Punjab,Firozpur,30.63407535211269,74.40245732394365,43,2029074,1071637,957437,1227511,349662,10042,348522,153868,89.0,60.0
Punjab,Gurdaspur,32.04283371212125,75.3204064393939,35,2298323,1212617,1085706,1634719,411216,14428,420860,185488,90.0,71.0
Punjab,Hoshiarpur,31.55157169811319,75.8469857442349,38,1586625,809057,777568,1199699,319930,13747,422673,128592,96.0,76.0
Punjab,Jalandhar,31.250336907216507,75.54400350515463,37,2193590,1145211,1048379,1622537,446200,39082,330339,377791,92.0,74.0
Punjab,Kapurthala,31.336592638036837,75.47641165644177,36,815168,426311,388857,576567,161206,9732,165433,95770,91.0,71.0
Punjab,Ludhiana,30.76596397379912,75.83110851528383,41,3498739,1867816,1630923,2560225,703624,58589,395032,641789,87.0,73.0
Punjab,Mansa,29.919547714285724,75.4304922857143,47,769751,408732,361019,423560,140099,2673,145603,50786,88.0,55.0
Punjab,Moga,30.756540067340065,75.1600845117845,42,995746,525920,469826,627889,183396,7897,214295,74144,89.0,63.0
Punjab,Muktsar,30.31243303303303,74.5518747747748,44,901896,475622,426274,524848,166585,4571,149507,74650,90.0,58.0
Punjab,Patiala,30.214540380693364,76.27505893949697,48,1895686,1002522,893164,1266791,352929,24274,299279,218090,89.0,67.0
Punjab,Rupnagar,30.910937330754347,76.53743500967126,51,684627,357485,327142,502731,129123,6600,148162,60537,92.0,73.0
Punjab,Sangrur,30.185045204336895,75.89437014178496,53,1655169,878029,777140,1002077,305557,10736,292156,156788,89.0,61.0
Rajasthan,Ajmer,26.199300378787903,74.6990419191919,119,2583052,1324085,1258967,1526673,393498,13499,409335,274919,95.0,59.0
Rajasthan,Alwar,27.55271738035265,76.65359630562563,104,3674179,1939026,1735153,2182476,485723,9750,782294,212967,89.0,59.0
Rajasthan,Banswara,23.453642032967014,74.44246868131869,125,1797485,907754,889731,829343,120603,2324,390437,39407,98.0,46.0
Rajasthan,Baran,24.98023243243244,76.86210651828291,128,1222755,633945,588810,693307,161310,1363,249184,69804,93.0,57.0
Rajasthan,Barmer,25.77070908045978,71.50297126436782,115,2603751,1369022,1234729,1188322,126494,2766,542825,55980,90.0,46.0
Rajasthan,Bharatpur,27.32411858037578,77.21752077244258,105,2548462,1355726,1192736,1480869,288723,4179,479437,129697,88.0,58.0
Rajasthan,Bhilwara,25.45119767759564,74.63947595628417,122,2408523,1220736,1187787,1256126,373644,6207,530015,145865,97.0,52.0
Rajasthan,Bikaner,28.12489068322981,73.26943322981371,101,2363937,1240801,1123136,1278801,220793,7607,335754,196179,91.0,54.0
Rajasthan,Bundi,25.48580716049379,75.79984074074079,121,1110906,577160,533746,585044,136969,1392,239836,63452,92.0,53.0
Rajasthan,Chittaurgarh,24.631623761665463,74.80010997846382,126,1544338,783171,761167,821825,268172,4941,366780,88873,97.0,53.0
Rajasthan,Churu,28.29330375536484,74.65846427038629,102,2039547,1051446,988101,1149269,231696,2577,344897,148996,94.0,56.0
Rajasthan,Dausa,26.91234817629181,76.57342097264443,109,1634409,857787,776622,938051,195277,1719,361084,59610,91.0,57.0
Rajasthan,Dhaulpur,26.72397054945053,77.74476219780222,106,1206516,653647,552869,683098,96086,1330,214670,58626,85.0,57.0
Rajasthan,Dungarpur,23.75104807692308,73.84765641025645,124,1388552,696532,692020,681591,141275,1477,322816,31547,99.0,49.0
Rajasthan,Ganganagar,29.256785412667963,73.56192303262948,99,1969168,1043340,925828,1193343,283142,6295,397697,164897,89.0,61.0
Rajasthan,Hanumangarh,29.1813351791531,74.74632573289902,100,1774692,931184,843508,1034136,243163,3360,389059,108694,91.0,58.0
Rajasthan,Jaipur,27.033459290187885,75.77117286012533,110,6626178,3468507,3157671,4300965,990085,76565,754841,977838,91.0,65.0
Rajasthan,Jaisalmer,26.86900838548185,71.18371877346682,114,669919,361708,308211,308653,43141,754,159117,30830,85.0,46.0
Rajasthan,Jalor,25.07578093797277,72.18647261724662,116,1828730,936634,892096,829582,161845,1585,419216,48202,95.0,45.0
Rajasthan,Jhalawar,24.24725541474657,76.11242891705065,129,1411129,725143,685986,739792,220428,1750,298624,63763,95.0,52.0
Rajasthan,Jhunjhunun,28.13517401247401,75.52840893970894,103,2137045,1095896,1041149,1370360,297559,4828,500452,150357,95.0,64.0
Rajasthan,Jodhpur,26.678460838536967,73.00450847457628,113,3687165,1923928,1763237,2031532,408808,19335,584215,307442,92.0,55.0
Rajasthan,Karauli,26.51901555555556,76.96081818181815,107,1458248,783639,674609,805849,132079,1059,305047,59308,86.0,55.0
Rajasthan,Kota,25.175718080000014,76.18618928000001,127,1951014,1021161,929853,1298345,339899,12843,203454,311735,91.0,67.0
Rajasthan,Nagaur,27.07862016048146,74.14215667001012,112,3307743,1696325,1611418,1758624,347344,4449,675712,166489,95.0,53.0
Rajasthan,Pali,25.80490393541874,73.55285640766907,118,2037573,1025422,1012151,1085693,326793,4043,512909,139808,99.0,53.0
Rajasthan,Rajsamand,25.24894767441859,73.96570215946844,123,1156597,581339,575258,619139,193276,1989,304622,61054,99.0,54.0
Rajasthan,Sawai Madhopur,26.251081180223288,76.4219283891548,108,1335551,704031,631520,741748,140947,1887,282057,71264,90.0,56.0
Rajasthan,Sikar,27.64644058641976,75.29317422839503,111,2677333,1374990,1302343,1652117,339457,5647,527560,178274,95.0,62.0
Rajasthan,Sirohi,24.7976905263158,72.75309131578943,117,1036346,534231,502115,476806,134089,2146,238535,69639,94.0,46.0
Rajasthan,Tonk,26.153935071707927,75.79192216427637,120,1421326,728136,693190,749659,158264,1908,298911,81755,95.0,53.0
Rajasthan,Udaipur,24.44076752136749,73.84029839743584,130,3068420,1566801,1501619,1582629,357846,14211,665449,182769,96.0,52.0
Sikkim,East,27.29600352941175,88.74908392156858,93,1709346,907500,801846,1352998,352758,80037,1086,461132,88.0,79.0
Tamil Nadu,Ariyalur,11.190514836795256,79.22249643916912,616,754894,374703,380191,480604,177502,1749,223955,30322,101.0,64.0
Tamil Nadu,Chennai,13.058098905608748,80.28139151846806,603,4646732,2335844,2310888,3776276,1096334,217368,0,1314125,99.0,81.0
Tamil Nadu,Coimbatore,10.871376995940452,77.07619012178621,632,3458045,1729297,1728748,2635907,896325,63273,284795,884957,100.0,76.0
Tamil Nadu,Cuddalore,11.57587300613498,79.63002365371497,617,2605914,1311697,1294217,1815281,598412,15396,497429,260780,99.0,70.0
Tamil Nadu,Dharmapuri,12.300141200000006,78.11509813333339,630,1506843,774303,732540,917709,337972,3651,396819,91107,95.0,61.0
Tamil Nadu,Dindigul,10.377801390820574,77.78011279554937,612,2159775,1080938,1078837,1481834,500057,9155,443818,269724,100.0,69.0
Tamil Nadu,Erode,11.267012155963302,77.42034334862392,610,2251744,1129868,1121876,1492662,595211,18604,411286,432398,99.0,66.0
Tamil Nadu,Kancheepuram,12.496424756511884,80.08820360135913,604,3998252,2012958,1985294,3013382,961161,100322,438799,774705,99.0,75.0
Tamil Nadu,Kanniyakumari,8.183466300191206,77.32053064053538,629,1870374,926345,944029,1548738,465692,15673,104253,493788,102.0,83.0
Tamil Nadu,Karur,10.79532776617955,78.08749686847604,613,1064493,528184,536309,727044,264949,4915,212241,152420,102.0,68.0
Tamil Nadu,Madurai,9.904313833333331,78.01366033333332,623,3038252,1526475,1511777,2273430,754141,34097,417718,592723,99.0,75.0
Tamil Nadu,Nagapattinam,10.789468161718286,79.79437299431483,618,1616450,798127,818323,1213008,381940,5585,399016,118724,103.0,75.0
Tamil Nadu,Namakkal,11.33766638477801,78.14624841437633,609,1726601,869280,857321,1176131,441044,8960,370357,257127,99.0,68.0
Tamil Nadu,Perambalur,11.260137758112096,78.86034011799416,615,565223,282157,283066,375823,135751,1507,155413,33179,100.0,66.0
Tamil Nadu,Pudukkottai,10.130514816433578,79.05444484265728,621,1618345,803188,815157,1110545,354493,4494,399712,104229,101.0,69.0
Tamil Nadu,Ramanathapuram,9.31286995153476,78.99185362412462,626,1353445,682658,670787,978946,291400,5172,290478,126761,98.0,72.0
Tamil Nadu,Salem,11.629324202127655,78.2478257978723,608,3482056,1781571,1700485,2285562,835377,20660,572813,597539,95.0,66.0
Tamil Nadu,Sivaganga,9.960306580645158,78.56535729032255,622,1339101,668672,670429,959744,314270,5773,309224,143193,100.0,72.0
Tamil Nadu,Thanjavur,10.387692255892237,79.3194869107745,620,2405890,1182416,1223474,1790998,555582,13495,479070,274302,103.0,74.0
Tamil Nadu,Theni,9.924066666666668,77.43458833333332,624,1245899,625683,620216,870080,312310,4667,189328,221295,99.0,70.0
Tamil Nadu,Thiruvallur,13.275858101752885,80.19724702864492,602,3728104,1876062,1852042,2791721,909400,75634,387237,732196,99.0,75.0
Tamil Nadu,Thiruvarur,10.368927409395978,79.60322893959727,619,1264277,626693,637584,946471,303114,4416,321331,86848,102.0,75.0
Tamil Nadu,Tiruvannamalai,12.419318947368414,79.23265631578953,606,2464875,1235889,1228986,1626813,549077,6445,563102,147061,99.0,66.0
Tamil Nadu,Vellore,12.784882632293078,79.02643283582084,605,3936331,1961688,1974643,2773928,865913,20623,653499,486801,101.0,70.0
Tamil Nadu,Virudhunagar,9.468872195892564,77.87641469194315,625,1942288,967709,974579,1398788,505950,10219,363782,370942,101.0,72.0
Tripura,Dhalai,23.781360477941163,91.94654283088232,291,378230,194544,183686,276217,46875,273,89457,14071,94.0,73.0
Tripura,North Tripura,24.121739755351683,92.17842538226292,292,693947,352860,341087,520402,81601,997,150437,42184,97.0,75.0
Tripura,South Tripura,23.211874098057383,91.6065807585568,290,876001,447544,428457,646810,133744,948,219171,44906,96.0,74.0
Tripura,West Tripura,23.780166241299337,91.41310788863107,289,1725739,879428,846311,1361354,314567,6394,289621,217016,96.0,79.0
Uttar Pradesh,Agra,26.99512974910393,78.05278291517321,146,4418797,2364953,2053844,2680510,536402,27183,496971,406852,87.0,61.0
Uttar Pradesh,Aligarh,27.93748576850093,78.00146831119557,143,3673889,1951996,1721893,2092567,268120,13634,582117,275942,88.0,57.0
Uttar Pradesh,Allahabad,25.392038662316445,82.05172446982063,175,5954391,3131807,2822584,3665727,391542,24122,983266,265304,90.0,62.0
Uttar Pradesh,Ambedkar Nagar,26.39119025974028,82.68282142857147,178,2397888,1212410,1185478,1486939,99581,2509,501559,65031,98.0,62.0
Uttar Pradesh,Auraiya,26.66892394014961,79.42637057356607,162,1379545,740040,639505,930836,65479,2404,255836,58438,86.0,67.0
Uttar Pradesh,Azamgarh,26.008290954773837,83.01220251256285,191,4613913,2285004,2328909,2771917,183381,6652,891024,80434,102.0,60.0
Uttar Pradesh,Baghpat,29.045793499999988,77.30266300000001,139,1303048,700070,602978,797970,119121,2989,246055,69991,86.0,61.0
Uttar Pradesh,Bahraich,27.691776300578027,81.46779783237004,180,3487731,1843884,1643847,1398368,85814,2681,698520,61742,89.0,40.0
Uttar Pradesh,Ballia,25.86075638297873,84.03651978723408,193,3239774,1672902,1566872,1963590,119972,4672,564927,64454,94.0,61.0
Uttar Pradesh,Balrampur,27.449076537911324,82.47158326180256,182,2148665,1114721,1033944,868357,57400,1551,410070,35768,93.0,40.0
Uttar Pradesh,Banda,25.351885902503284,80.52487391304344,170,1799410,965876,833534,1002937,73522,1655,378056,67569,86.0,56.0
Uttar Pradesh,Bara Banki,26.922777025232424,81.35762350597606,176,3260699,1707073,1553626,1692458,108116,3159,635840,79068,91.0,52.0
Uttar Pradesh,Bareilly,28.51101940789474,79.43187072368416,150,4448359,2357665,2090694,2191759,272830,15164,631613,362798,89.0,49.0
Uttar Pradesh,Basti,26.833880454545447,82.69790590909092,185,2464464,1255272,1209192,1393783,108101,3423,513960,31065,96.0,57.0
Uttar Pradesh,Bijnor,29.313974259681096,78.45098815489754,134,3682713,1921215,1761498,2135393,268353,7303,683875,224648,92.0,58.0
Uttar Pradesh,Bulandshahr,28.34875862068968,78.01082758620684,142,3499171,1845260,1653911,2031656,223922,7865,658449,221628,90.0,58.0
Uttar Pradesh,Chandauli,25.1180859611231,83.25307062634984,196,1952756,1017905,934851,1174606,99602,3492,344937,50822,92.0,60.0
Uttar Pradesh,Chitrakoot,25.159924623803,81.07666087551297,171,991730,527721,464009,531072,41046,827,207237,23558,88.0,54.0
Uttar Pradesh,Deoria,26.42218856548857,83.8244070686071,190,3100946,1537436,1563510,1875239,150001,4469,597778,67928,102.0,60.0
Uttar Pradesh,Etah,27.591155309734443,78.70021858407083,201,1774480,947339,827141,1055202,69591,2635,334246,67752,87.0,59.0
Uttar Pradesh,Etawah,26.78817670157068,79.07621806282728,161,1581810,845856,735954,1062003,113098,2964,265643,85483,87.0,67.0
Uttar Pradesh,Faizabad,26.60589185185181,82.00783530864202,177,2470996,1259628,1211368,1450901,127754,4746,510378,79288,96.0,59.0
Uttar Pradesh,Farrukhabad,27.45063297872342,79.4406284574468,159,1885204,1006240,878964,1092677,88081,2624,316647,94843,87.0,58.0
Uttar Pradesh,Fatehpur,25.8374362030905,80.85416203090509,172,2632733,1384722,1248011,1512166,75263,3385,558807,77733,90.0,57.0
Uttar Pradesh,Firozabad,27.20963993055552,78.42660624999998,147,2498156,1332046,1166110,1521806,196080,5834,349747,185621,88.0,61.0
Uttar Pradesh,Gautam Buddha Nagar,28.393311038961038,77.52462467532465,141,1648115,890214,757901,1122947,257586,53181,170835,338935,85.0,68.0
Uttar Pradesh,Ghaziabad,28.74997308584685,77.67441879350343,140,4681645,2488834,2192811,3123264,695130,78116,355407,836316,88.0,67.0
Uttar Pradesh,Ghazipur,25.624724775583484,83.5360854578097,195,3620268,1855075,1765193,2197549,105767,5309,700173,61467,95.0,61.0
Uttar Pradesh,Gonda,27.157215552099505,82.0226888024882,183,3433919,1787146,1646773,1679994,104084,4313,673578,52794,92.0,49.0
Uttar Pradesh,Gorakhpur,26.63315886792452,83.3549560377358,188,4440895,2277777,2163118,2700328,296619,14597,761958,189170,95.0,61.0
Uttar Pradesh,Hardoi,27.337409090909137,80.26411767676768,155,4092845,2191442,1901403,2221601,95508,3845,786613,121064,87.0,54.0
Uttar Pradesh,Jalaun,26.067954587155988,79.36686911314993,165,1689974,906092,783882,1075196,104176,2217,304856,91565,87.0,64.0
Uttar Pradesh,Jaunpur,25.70141280913127,82.54315351934063,194,4494204,2220465,2273739,2731677,181467,8002,926088,80582,102.0,61.0
Uttar Pradesh,Jhansi,25.45581535234902,78.89954580536917,166,1998603,1057436,941167,1304513,183340,8517,309592,195321,89.0,65.0
Uttar Pradesh,Jyotiba Phule Nagar,28.870498984771597,78.39009365482241,137,1840221,963449,876772,983110,89329,2825,335888,115486,91.0,53.0
Uttar Pradesh,Kannauj,26.993988617886185,79.64437940379408,160,1656616,881776,774840,1017087,61491,2488,299785,65985,88.0,61.0
Uttar Pradesh,Kanpur Dehat,26.43047641196011,79.98710083056478,163,1796184,963255,832929,1170243,49753,2682,363933,41323,86.0,65.0
Uttar Pradesh,Kaushambi,25.53587532051282,81.41811282051287,174,1599596,838485,761111,813424,43753,1503,349856,30764,91.0,51.0
Uttar Pradesh,Kushinagar,26.892530675909864,83.92261542461007,189,3564544,1818055,1746489,1954820,127331,3486,742324,42775,96.0,55.0
Uttar Pradesh,Lalitpur,24.58877161016945,78.60082330508473,167,1221592,641011,580581,641191,77082,1079,258013,43819,91.0,52.0
Uttar Pradesh,Lucknow,26.838233589251463,80.89706026871404,157,4589838,2394476,2195362,3127260,582769,68506,344155,717566,92.0,68.0
Uttar Pradesh,Mahoba,25.34529670138888,79.67863003472216,169,875958,466358,409600,488106,42936,1316,198298,48525,88.0,56.0
Uttar Pradesh,Mainpuri,27.17386862302482,79.03501851015807,148,1868529,993377,875152,1203885,79022,2642,338475,72783,88.0,64.0
Uttar Pradesh,Mathura,27.59390432801821,77.62153416856502,145,2547184,1367125,1180059,1507746,281239,8726,407488,177802,86.0,59.0
Uttar Pradesh,Mau,26.01082203791469,83.50582654028433,192,2205968,1114709,1091259,1363044,149908,2656,352207,99321,98.0,62.0
Uttar Pradesh,Meerut,29.02957625698323,77.80611005586593,138,3443689,1825743,1617946,2141488,425624,23717,381520,422303,89.0,62.0
Uttar Pradesh,Mirzapur,25.10207959183675,82.60126628571429,199,2496970,1312302,1184668,1428683,145997,4447,465152,77963,90.0,57.0
Uttar Pradesh,Moradabad,28.851770406189537,78.73580193423597,135,4772006,2503186,2268820,2263848,281758,11690,692398,355518,91.0,47.0
Uttar Pradesh,Muzaffarnagar,29.470507977736563,77.64017847866423,133,4143512,2193434,1950078,2417339,368153,10077,673746,296104,89.0,58.0
Uttar Pradesh,Pilibhit,28.52024175035868,79.90103974175037,151,2031007,1072002,959005,1061095,83006,2870,371752,89638,89.0,52.0
Uttar Pradesh,Pratapgarh,25.864842731707316,81.93530048780492,131,867848,437744,430104,401515,71612,716,209813,24269,98.0,46.0
Uttar Pradesh,Pratapgarh,25.864842731707316,81.93530048780492,173,3209141,1606085,1603056,1931559,140538,5149,711085,41701,100.0,60.0
Uttar Pradesh,Rae Bareli,26.253902840059787,81.22260463378181,158,3405559,1752542,1653017,1965843,247856,5184,705025,73393,94.0,58.0
Uttar Pradesh,Rampur,28.83244727272725,79.10977333333337,136,2335819,1223889,1111930,1043666,131112,3847,396775,143217,91.0,45.0
Uttar Pradesh,Saharanpur,30.03381165217392,77.59905147826095,132,3466382,1834106,1632276,2077108,404499,9699,605082,284156,89.0,60.0
Uttar Pradesh,Sant Kabir Nagar,26.791596516393444,83.0387764344262,186,1715183,869656,845527,954949,79525,2031,324972,27179,97.0,56.0
Uttar Pradesh,Shahjahanpur,27.991389350649328,79.8302275324675,152,3006538,1606403,1400135,1490930,115163,3889,520289,134714,87.0,50.0
Uttar Pradesh,Sitapur,27.501995963091108,80.85288881199547,154,4483992,2375264,2108728,2283733,102040,3874,827583,111319,89.0,51.0
Uttar Pradesh,Sonbhadra,24.46693268858798,83.06816324951639,200,1862559,971344,891215,985708,95582,5149,337048,91040,92.0,53.0
Uttar Pradesh,Sultanpur,26.2846386419753,82.05710456790123,179,3797117,1914586,1882531,2239902,233701,5956,839737,49891,98.0,59.0
Uttar Pradesh,Unnao,26.63163990895297,80.636773292868,156,3108367,1630087,1478280,1773584,99466,3476,596317,121039,91.0,57.0
Uttar Pradesh,Varanasi,25.36057088888889,82.82529666666672,197,3676841,1921857,1754984,2403903,336056,19214,438935,316129,91.0,65.0
Uttaranchal,Almora,29.683532133676103,79.50165064267351,64,622506,291081,331425,436497,109876,1830,260056,21082,114.0,70.0
Uttaranchal,Bageshwar,29.98703393393397,79.83954354354357,63,259898,124326,135572,179483,47083,435,96031,3880,109.0,69.0
Uttaranchal,Chamoli,30.58338611464965,79.56281095541402,57,391605,193991,197614,280556,71524,899,163434,22906,102.0,72.0
Uttaranchal,Champawat,29.29142393939393,80.07720212121217,65,259648,131125,128523,177726,37725,548,85202,12839,98.0,68.0
Uttaranchal,Pithoragarh,30.14720631868129,80.34229230769236,62,483439,239306,244133,345550,95421,1344,183687,26256,102.0,71.0
Uttaranchal,Tehri Garhwal,30.463700918635173,78.48783792650917,59,618931,297986,320945,407994,117239,1366,227059,27177,108.0,66.0
Uttaranchal,Udham Singh Nagar,29.02779577677222,79.45629004524895,67,1648902,858783,790119,1037839,254802,7883,269406,145253,92.0,63.0
Uttaranchal,Uttarkashi,30.968958552036234,78.56880615384617,56,330086,168597,161489,215126,52621,602,112148,9061,96.0,65.0
West Bengal,Bankura,23.081280892857155,87.12640053571437,339,3596674,1838095,1758579,2232992,334670,4273,900515,90885,96.0,62.0
West Bengal,Barddhaman,23.444453888888884,87.8150581111111,335,7717563,3966889,3750674,5247208,1049943,32323,1364868,862368,95.0,68.0
West Bengal,Birbhum,24.06389342723,87.65153089201888,334,3502404,1790920,1711484,2158447,333752,5210,831044,134565,96.0,62.0
West Bengal,Dakshin Dinajpur,25.342094363021435,88.69821679819614,331,1676276,857199,819077,1083685,168069,2518,390949,70077,96.0,65.0
West Bengal,Darjiling,26.839619571045585,88.33145067024122,327,1846823,937259,909564,1315585,297176,10943,303284,215675,97.0,71.0
West Bengal,Haora,22.401674174428507,87.99421176968654,341,4850029,2500819,2349210,3605206,796953,30751,483384,869313,94.0,74.0
West Bengal,Hugli,22.87929264705881,88.00010264705891,338,5519145,2814653,2704492,4078388,965258,31725,992085,647953,96.0,74.0
West Bengal,Jalpaiguri,26.62642031250004,89.04154375000003,328,3872846,1983064,1889782,2498780,382500,9322,798378,319426,95.0,65.0
West Bengal,Kolkata,22.550581481481483,88.3527648148148,342,4496694,2356766,2139928,3588137,927602,136618,0,1308106,91.0,80.0
West Bengal,Maldah,25.08026802575105,88.17191684549356,332,3988845,2051541,1937304,2086432,297716,5357,830318,128678,94.0,52.0
West Bengal,Murshidabad,24.25950655391121,88.16816860465121,333,7103807,3627564,3476243,4055834,541169,7951,1501066,350899,96.0,57.0
West Bengal,Nadia,23.56410971055088,88.58293034547152,336,5167600,2653768,2513832,3480555,623729,12787,1081381,468390,95.0,67.0
West Bengal,Puruliya,23.254192328767108,86.3968532876713,340,2930115,1496996,1433119,1624905,189889,3551,653219,99433,96.0,55.0
West Bengal,Uttar Dinajpur,26.044619165196977,88.23595232216337,330,3007134,1551066,1456068,1489667,199307,2883,683981,94269,94.0,50.0
